quarter,revenue,profit,orders,revenue_growth_pct,profit_growth_pct
2024Q1,60266.13,2600.2799999999997,98,,
2024Q2,59936.28,4845.28,111,-0.5473223517089898,86.33685603088898
2024Q3,54532.98,5013.66,116,-9.015074008597123,3.475134563946769
2024Q4,69392.53,4102.41,135,27.24874012019882,-18.175344957575902
2025Q1,67937.1,4595.47,117,-2.0973871395090993,12.018788955760161
2025Q2,52490.88,2937.85,93,-22.73606026751217,-36.07073922797886
2025Q3,65404.38,4004.67,120,24.601416474633318,36.31294994638938
2025Q4,78239.05,5376.81,148,19.623563437188764,34.26349736682424
